company_id,timein,breakout,breakin,timeout,monday,tuesday,wednesday,thursday,friday,saturday,sunday,flextime,delflag,id_,scheduleid
17,1:00:00,,,12:00:00,,,,,,,1,,,733,74
17,9:00:00,,,6:00:00,1,,,,,,,,,734,74
17,9:00:00,,,6:00:00,,1,,,,,,,,735,74
17,9:00:00,,,6:00:00,,,1,,,,,,,736,74
17,9:00:00,,,6:00:00,,,,1,,,,,,737,74
17,9:00:00,,,6:00:00,,,,,1,,,,,738,74
17,9:00:00,,,6:00:00,,,,,,1,,,,739,74
17,1:00:00,,,12:00:00,,,,,,,1,,,740,75
17,9:00:00,,,6:00:00,1,,,,,,,,,741,75
17,9:00:00,,,6:00:00,,1,,,,,,,,742,75
17,9:00:00,,,6:00:00,,,1,,,,,,,743,75
17,9:00:00,,,6:00:00,,,,1,,,,,,744,75
17,9:00:00,,,6:00:00,,,,,1,,,,,745,75
17,9:00:00,,,6:00:00,,,,,,1,,,,746,75
17,1:00:00,,,12:00:00,,,,,,,1,,,747,76
17,9:00:00,,,6:00:00,1,,,,,,,,,748,76
17,9:00:00,,,6:00:00,,1,,,,,,,,749,76
17,8:00:00,,,6:00:00,,,1,,,,,,,750,76
17,9:00:00,,,6:00:00,,,,1,,,,,,751,76
17,9:00:00,,,6:00:00,,,,,1,,,,,752,76
17,9:00:00,,,6:00:00,,,,,,1,,,,753,76
17,12:00:00,,,12:00:00,,,,,,,1,,,754,77
17,12:00:00,,,12:00:00,1,,,,,,,,,755,77
17,12:00:00,,,12:00:00,,1,,,,,,,,756,77
17,12:00:00,,,12:00:00,,,1,,,,,,,757,77
17,12:00:00,,,12:00:00,,,,1,,,,,,758,77
17,12:00:00,,,12:00:00,,,,,1,,,,,759,77
17,12:00:00,,,12:00:00,,,,,,1,,,,760,77
17,12:00:00,,,12:00:00,,,,,,,1,,,761,78
17,12:00:00,,,12:00:00,1,,,,,,,,,762,78
17,12:00:00,,,12:00:00,,1,,,,,,,,763,78
17,12:00:00,,,12:00:00,,,1,,,,,,,764,78
17,12:00:00,,,12:00:00,,,,1,,,,,,765,78
17,12:00:00,,,12:00:00,,,,,1,,,,,766,78
17,12:00:00,,,12:00:00,,,,,,1,,,,767,78
17,12:00:00,,,12:00:00,,,,,,,1,,,768,79
17,12:00:00,,,12:00:00,1,,,,,,,,,769,79
17,12:00:00,,,12:00:00,,1,,,,,,,,770,79
17,12:00:00,,,12:00:00,,,1,,,,,,,771,79
17,12:00:00,,,12:00:00,,,,1,,,,,,772,79
17,12:00:00,,,12:00:00,,,,,1,,,,,773,79
17,12:00:00,,,12:00:00,,,,,,1,,,,774,79
17,8:00:00,,,17:00:00,,,,,,,1,,,775,80
17,8:00:00,,,17:00:00,1,,,,,,,,,776,80
17,8:00:00,,,17:00:00,,1,,,,,,,,777,80
17,8:00:00,,,17:00:00,,,1,,,,,,,778,80
17,8:00:00,,,17:00:00,,,,1,,,,,,779,80
17,8:00:00,,,17:00:00,,,,,1,,,,,780,80
17,8:00:00,,,17:00:00,,,,,,1,,,,781,80
17,1:00:00,,,12:00:00,,,,,,,1,,,782,81
17,9:00:00,,,6:00:00,1,,,,,,,,,783,81
17,9:00:00,,,6:00:00,,1,,,,,,,,784,81
17,9:00:00,,,6:00:00,,,1,,,,,,,785,81
17,9:00:00,,,6:00:00,,,,1,,,,,,786,81
17,9:00:00,,,6:00:00,,,,,1,,,,,787,81
17,9:00:00,,,6:00:00,,,,,,1,,,,788,81
17,1:00:00,,,12:00:00,,,,,,,1,,,789,82
17,9:00:00,,,6:00:00,1,,,,,,,,,790,82
17,9:00:00,,,6:00:00,,1,,,,,,,,791,82
17,9:00:00,,,6:00:00,,,1,,,,,,,792,82
17,9:00:00,,,6:00:00,,,,1,,,,,,793,82
17,9:00:00,,,6:00:00,,,,,1,,,,,794,82
17,9:00:00,,,6:00:00,,,,,,1,,,,795,82
17,1:00:00,,,12:00:00,,,,,,,1,,,796,83
17,9:00:00,,,6:00:00,1,,,,,,,,,797,83
17,9:00:00,,,6:00:00,,1,,,,,,,,798,83
17,9:00:00,,,6:00:00,,,1,,,,,,,799,83
17,9:00:00,,,6:00:00,,,,1,,,,,,800,83
17,9:00:00,,,6:00:00,,,,,1,,,,,801,83
17,9:00:00,,,6:00:00,,,,,,1,,,,802,83
17,1:00:00,,,12:00:00,,,,,,,1,,,803,84
17,9:00:00,,,6:00:00,1,,,,,,,,,804,84
17,9:00:00,,,6:00:00,,1,,,,,,,,805,84
17,9:00:00,,,6:00:00,,,1,,,,,,,806,84
17,9:00:00,,,6:00:00,,,,1,,,,,,807,84
17,9:00:00,,,6:00:00,,,,,1,,,,,808,84
17,9:00:00,,,6:00:00,,,,,,1,,,,809,84
17,1:00:00,,,12:00:00,,,,,,,1,,,810,85
17,9:00:00,,,6:00:00,1,,,,,,,,,811,85
17,9:00:00,,,6:00:00,,1,,,,,,,,812,85
17,9:00:00,,,6:00:00,,,1,,,,,,,813,85
17,9:00:00,,,6:00:00,,,,1,,,,,,814,85
17,9:00:00,,,6:00:00,,,,,1,,,,,815,85
17,9:00:00,,,6:00:00,,,,,,1,,,,816,85
17,1:00:00,,,12:00:00,,,,,,,1,,,817,86
17,9:00:00,,,6:00:00,1,,,,,,,,,818,86
17,9:00:00,,,6:00:00,,1,,,,,,,,819,86
17,9:00:00,,,6:00:00,,,1,,,,,,,820,86
17,9:00:00,,,6:00:00,,,,1,,,,,,821,86
17,9:00:00,,,6:00:00,,,,,1,,,,,822,86
17,9:00:00,,,6:00:00,,,,,,1,,,,823,86
17,1:00:00,,,12:00:00,,,,,,,1,,,824,87
17,9:00:00,,,6:00:00,1,,,,,,,,,825,87
17,9:00:00,,,6:00:00,,1,,,,,,,,826,87
17,9:00:00,,,6:00:00,,,1,,,,,,,827,87
17,9:00:00,,,6:00:00,,,,1,,,,,,828,87
17,9:00:00,,,6:00:00,,,,,1,,,,,829,87
17,9:00:00,,,6:00:00,,,,,,1,,,,830,87
17,1:00:00,,,12:00:00,,,,,,,1,,,831,88
17,9:00:00,,,6:00:00,1,,,,,,,,,832,88
17,9:00:00,,,6:00:00,,1,,,,,,,,833,88
17,9:00:00,,,6:00:00,,,1,,,,,,,834,88
17,9:00:00,,,6:00:00,,,,1,,,,,,835,88
17,9:00:00,,,6:00:00,,,,,1,,,,,836,88
17,9:00:00,,,6:00:00,,,,,,1,,,,837,88
17,1:00:00,,,12:00:00,,,,,,,1,,,838,89
17,9:00:00,,,6:00:00,1,,,,,,,,,839,89
17,9:00:00,,,6:00:00,,1,,,,,,,,840,89
17,9:00:00,,,6:00:00,,,1,,,,,,,841,89
17,9:00:00,,,6:00:00,,,,1,,,,,,842,89
17,9:00:00,,,6:00:00,,,,,1,,,,,843,89
17,9:00:00,,,6:00:00,,,,,,1,,,,844,89
17,1:00:00,,,12:00:00,,,,,,,1,,,845,90
17,9:00:00,,,6:00:00,1,,,,,,,,,846,90
17,9:00:00,,,6:00:00,,1,,,,,,,,847,90
17,9:00:00,,,6:00:00,,,1,,,,,,,848,90
17,9:00:00,,,6:00:00,,,,1,,,,,,849,90
17,9:00:00,,,6:00:00,,,,,1,,,,,850,90
17,9:00:00,,,6:00:00,,,,,,1,,,,851,90
17,1:00:00,,,12:00:00,,,,,,,1,,,852,91
17,9:00:00,,,6:00:00,1,,,,,,,,,853,91
17,9:00:00,,,6:00:00,,1,,,,,,,,854,91
17,9:00:00,,,6:00:00,,,1,,,,,,,855,91
17,9:00:00,,,6:00:00,,,,1,,,,,,856,91
17,9:00:00,,,6:00:00,,,,,1,,,,,857,91
17,9:00:00,,,6:00:00,,,,,,1,,,,858,91
17,1:00:00,,,12:00:00,,,,,,,1,,,859,92
17,9:00:00,,,6:00:00,1,,,,,,,,,860,92
17,9:00:00,,,6:00:00,,1,,,,,,,,861,92
17,9:00:00,,,6:00:00,,,1,,,,,,,862,92
17,9:00:00,,,6:00:00,,,,1,,,,,,863,92
17,9:00:00,,,6:00:00,,,,,1,,,,,864,92
17,9:00:00,,,6:00:00,,,,,,1,,,,865,92
17,1:00:00,,,12:00:00,,,,,,,1,,,866,93
17,9:00:00,,,6:00:00,1,,,,,,,,,867,93
17,9:00:00,,,6:00:00,,1,,,,,,,,868,93
17,9:00:00,,,6:00:00,,,1,,,,,,,869,93
17,9:00:00,,,6:00:00,,,,1,,,,,,870,93
17,9:00:00,,,6:00:00,,,,,1,,,,,871,93
17,9:00:00,,,6:00:00,,,,,,1,,,,872,93
17,1:00:00,,,12:00:00,,,,,,,1,,,873,94
17,9:00:00,,,6:00:00,1,,,,,,,,,874,94
17,9:00:00,,,6:00:00,,1,,,,,,,,875,94
17,9:00:00,,,6:00:00,,,1,,,,,,,876,94
17,9:00:00,,,6:00:00,,,,1,,,,,,877,94
17,9:00:00,,,6:00:00,,,,,1,,,,,878,94
17,9:00:00,,,6:00:00,,,,,,1,,,,879,94
17,1:00:00,,,12:00:00,,,,,,,1,,,880,95
17,9:00:00,,,6:00:00,1,,,,,,,,,881,95
17,9:00:00,,,6:00:00,,1,,,,,,,,882,95
17,9:00:00,,,6:00:00,,,1,,,,,,,883,95
17,9:00:00,,,6:00:00,,,,1,,,,,,884,95
17,9:00:00,,,6:00:00,,,,,1,,,,,885,95
17,9:00:00,,,6:00:00,,,,,,1,,,,886,95
17,1:00:00,,,12:00:00,,,,,,,1,,,887,96
17,9:00:00,,,6:00:00,1,,,,,,,,,888,96
17,9:00:00,,,6:00:00,,1,,,,,,,,889,96
17,9:00:00,,,6:00:00,,,1,,,,,,,890,96
17,9:00:00,,,6:00:00,,,,1,,,,,,891,96
17,9:00:00,,,6:00:00,,,,,1,,,,,892,96
17,9:00:00,,,6:00:00,,,,,,1,,,,893,96
17,1:00:00,,,12:00:00,,,,,,,1,,,894,97
17,9:00:00,,,6:00:00,1,,,,,,,,,895,97
17,9:00:00,,,6:00:00,,1,,,,,,,,896,97
17,9:00:00,,,6:00:00,,,1,,,,,,,897,97
17,9:00:00,,,6:00:00,,,,1,,,,,,898,97
17,9:00:00,,,6:00:00,,,,,1,,,,,899,97
17,9:00:00,,,6:00:00,,,,,,1,,,,900,97
17,1:00:00,,,12:00:00,,,,,,,1,,,901,98
17,9:00:00,,,6:00:00,1,,,,,,,,,902,98
17,9:00:00,,,6:00:00,,1,,,,,,,,903,98
17,9:00:00,,,6:00:00,,,1,,,,,,,904,98
17,9:00:00,,,6:00:00,,,,1,,,,,,905,98
17,9:00:00,,,6:00:00,,,,,1,,,,,906,98
17,9:00:00,,,6:00:00,,,,,,1,,,,907,98
17,1:00:00,,,12:00:00,,,,,,,1,,,908,99
17,9:00:00,,,6:00:00,1,,,,,,,,,909,99
17,9:00:00,,,6:00:00,,1,,,,,,,,910,99
17,9:00:00,,,6:00:00,,,1,,,,,,,911,99
17,9:00:00,,,6:00:00,,,,1,,,,,,912,99
17,9:00:00,,,6:00:00,,,,,1,,,,,913,99
17,9:00:00,,,6:00:00,,,,,,1,,,,914,99
17,1:00:00,,,12:00:00,,,,,,,1,,,915,100
17,9:00:00,,,6:00:00,1,,,,,,,,,916,100
17,9:00:00,,,6:00:00,,1,,,,,,,,917,100
17,9:00:00,,,6:00:00,,,1,,,,,,,918,100
17,9:00:00,,,6:00:00,,,,1,,,,,,919,100
17,9:00:00,,,6:00:00,,,,,1,,,,,920,100
17,9:00:00,,,6:00:00,,,,,,1,,,,921,100
17,1:00:00,,,12:00:00,,,,,,,1,,,922,101
17,9:00:00,,,6:00:00,1,,,,,,,,,923,101
17,9:00:00,,,6:00:00,,1,,,,,,,,924,101
17,9:00:00,,,6:00:00,,,1,,,,,,,925,101
17,9:00:00,,,6:00:00,,,,1,,,,,,926,101
17,9:00:00,,,6:00:00,,,,,1,,,,,927,101
17,9:00:00,,,6:00:00,,,,,,1,,,,928,101
17,1:00:00,,,12:00:00,,,,,,,1,,,929,102
17,9:00:00,,,6:00:00,1,,,,,,,,,930,102
17,9:00:00,,,6:00:00,,1,,,,,,,,931,102
17,9:00:00,,,6:00:00,,,1,,,,,,,932,102
17,9:00:00,,,6:00:00,,,,1,,,,,,933,102
17,9:00:00,,,6:00:00,,,,,1,,,,,934,102
17,9:00:00,,,6:00:00,,,,,,1,,,,935,102
17,1:00:00,,,12:00:00,,,,,,,1,,,936,103
17,9:00:00,,,6:00:00,1,,,,,,,,,937,103
17,9:00:00,,,6:00:00,,1,,,,,,,,938,103
17,9:00:00,,,6:00:00,,,1,,,,,,,939,103
17,9:00:00,,,6:00:00,,,,1,,,,,,940,103
17,9:00:00,,,6:00:00,,,,,1,,,,,941,103
17,9:00:00,,,6:00:00,,,,,,1,,,,942,103
17,1:00:00,,,12:00:00,,,,,,,1,,,943,104
17,9:00:00,,,6:00:00,1,,,,,,,,,944,104
17,9:00:00,,,6:00:00,,1,,,,,,,,945,104
17,9:00:00,,,6:00:00,,,1,,,,,,,946,104
17,9:00:00,,,6:00:00,,,,1,,,,,,947,104
17,9:00:00,,,6:00:00,,,,,1,,,,,948,104
17,9:00:00,,,6:00:00,,,,,,1,,,,949,104
17,1:00:00,,,12:00:00,,,,,,,1,,,950,105
17,9:00:00,,,6:00:00,1,,,,,,,,,951,105
17,9:00:00,,,6:00:00,,1,,,,,,,,952,105
17,9:00:00,,,6:00:00,,,1,,,,,,,953,105
17,9:00:00,,,6:00:00,,,,1,,,,,,954,105
17,9:00:00,,,6:00:00,,,,,1,,,,,955,105
17,9:00:00,,,6:00:00,,,,,,1,,,,956,105
17,1:00:00,,,12:00:00,,,,,,,1,,,957,106
17,9:00:00,,,6:00:00,1,,,,,,,,,958,106
17,9:00:00,,,6:00:00,,1,,,,,,,,959,106
17,9:00:00,,,6:00:00,,,1,,,,,,,960,106
17,9:00:00,,,6:00:00,,,,1,,,,,,961,106
17,9:00:00,,,6:00:00,,,,,1,,,,,962,106
17,9:00:00,,,6:00:00,,,,,,1,,,,963,106
17,1:00:00,,,12:00:00,,,,,,,1,,,964,107
17,9:00:00,,,6:00:00,1,,,,,,,,,965,107
17,9:00:00,,,6:00:00,,1,,,,,,,,966,107
17,9:00:00,,,6:00:00,,,1,,,,,,,967,107
17,9:00:00,,,6:00:00,,,,1,,,,,,968,107
17,9:00:00,,,6:00:00,,,,,1,,,,,969,107
17,9:00:00,,,6:00:00,,,,,,1,,,,970,107
17,1:00:00,,,12:00:00,,,,,,,1,,,971,108
17,9:00:00,,,6:00:00,1,,,,,,,,,972,108
17,9:00:00,,,6:00:00,,1,,,,,,,,973,108
17,9:00:00,,,6:00:00,,,1,,,,,,,974,108
17,9:00:00,,,6:00:00,,,,1,,,,,,975,108
17,9:00:00,,,6:00:00,,,,,1,,,,,976,108
17,9:00:00,,,6:00:00,,,,,,1,,,,977,108
17,1:00:00,,,12:00:00,,,,,,,1,,,978,109
17,9:00:00,,,6:00:00,1,,,,,,,,,979,109
17,9:00:00,,,6:00:00,,1,,,,,,,,980,109
17,9:00:00,,,6:00:00,,,1,,,,,,,981,109
17,9:00:00,,,6:00:00,,,,1,,,,,,982,109
17,9:00:00,,,6:00:00,,,,,1,,,,,983,109
17,9:00:00,,,6:00:00,,,,,,1,,,,984,109
17,1:00:00,,,12:00:00,,,,,,,1,,,985,110
17,9:00:00,,,6:00:00,1,,,,,,,,,986,110
17,9:00:00,,,6:00:00,,1,,,,,,,,987,110
17,9:00:00,,,6:00:00,,,1,,,,,,,988,110
17,9:00:00,,,6:00:00,,,,1,,,,,,989,110
17,9:00:00,,,6:00:00,,,,,1,,,,,990,110
17,9:00:00,,,6:00:00,,,,,,1,,,,991,110
17,1:00:00,,,12:00:00,,,,,,,1,,,992,111
17,9:00:00,,,6:00:00,1,,,,,,,,,993,111
17,9:00:00,,,6:00:00,,1,,,,,,,,994,111
17,9:00:00,,,6:00:00,,,1,,,,,,,995,111
17,9:00:00,,,6:00:00,,,,1,,,,,,996,111
17,9:00:00,,,6:00:00,,,,,1,,,,,997,111
17,9:00:00,,,6:00:00,,,,,,1,,,,998,111
17,1:00:00,,,12:00:00,,,,,,,1,,,999,112
17,9:00:00,,,6:00:00,1,,,,,,,,,1000,112
17,9:00:00,,,6:00:00,,1,,,,,,,,1001,112
17,9:00:00,,,6:00:00,,,1,,,,,,,1002,112
17,9:00:00,,,6:00:00,,,,1,,,,,,1003,112
17,9:00:00,,,6:00:00,,,,,1,,,,,1004,112
17,9:00:00,,,6:00:00,,,,,,1,,,,1005,112
17,1:00:00,,,12:00:00,,,,,,,1,,,1006,113
17,9:00:00,,,6:00:00,1,,,,,,,,,1007,113
17,9:00:00,,,6:00:00,,1,,,,,,,,1008,113
17,9:00:00,,,6:00:00,,,1,,,,,,,1009,113
17,9:00:00,,,6:00:00,,,,1,,,,,,1010,113
17,9:00:00,,,6:00:00,,,,,1,,,,,1011,113
17,9:00:00,,,6:00:00,,,,,,1,,,,1012,113
17,1:00:00,,,12:00:00,,,,,,,1,,,1013,114
17,9:00:00,,,6:00:00,1,,,,,,,,,1014,114
17,9:00:00,,,6:00:00,,1,,,,,,,,1015,114
17,9:00:00,,,6:00:00,,,1,,,,,,,1016,114
17,9:00:00,,,6:00:00,,,,1,,,,,,1017,114
17,9:00:00,,,6:00:00,,,,,1,,,,,1018,114
17,9:00:00,,,6:00:00,,,,,,1,,,,1019,114
17,1:00:00,,,12:00:00,,,,,,,1,,,1020,115
17,9:00:00,,,6:00:00,1,,,,,,,,,1021,115
17,9:00:00,,,6:00:00,,1,,,,,,,,1022,115
17,9:00:00,,,6:00:00,,,1,,,,,,,1023,115
17,9:00:00,,,6:00:00,,,,1,,,,,,1024,115
17,9:00:00,,,6:00:00,,,,,1,,,,,1025,115
17,9:00:00,,,6:00:00,,,,,,1,,,,1026,115
17,1:00:00,,,12:00:00,,,,,,,1,,,1027,116
17,9:00:00,,,6:00:00,1,,,,,,,,,1028,116
17,9:00:00,,,6:00:00,,1,,,,,,,,1029,116
17,9:00:00,,,6:00:00,,,1,,,,,,,1030,116
17,9:00:00,,,6:00:00,,,,1,,,,,,1031,116
17,9:00:00,,,6:00:00,,,,,1,,,,,1032,116
17,9:00:00,,,6:00:00,,,,,,1,,,,1033,116
17,1:00:00,,,12:00:00,,,,,,,1,,,1034,117
17,9:00:00,,,6:00:00,1,,,,,,,,,1035,117
17,9:00:00,,,6:00:00,,1,,,,,,,,1036,117
17,9:00:00,,,6:00:00,,,1,,,,,,,1037,117
17,9:00:00,,,6:00:00,,,,1,,,,,,1038,117
17,9:00:00,,,6:00:00,,,,,1,,,,,1039,117
17,9:00:00,,,6:00:00,,,,,,1,,,,1040,117
17,1:00:00,,,12:00:00,,,,,,,1,,,1041,118
17,9:00:00,,,6:00:00,1,,,,,,,,,1042,118
17,9:00:00,,,6:00:00,,1,,,,,,,,1043,118
17,9:00:00,,,6:00:00,,,1,,,,,,,1044,118
17,9:00:00,,,6:00:00,,,,1,,,,,,1045,118
17,9:00:00,,,6:00:00,,,,,1,,,,,1046,118
17,9:00:00,,,6:00:00,,,,,,1,,,,1047,118
17,1:00:00,,,12:00:00,,,,,,,1,,,1048,119
17,9:00:00,,,6:00:00,1,,,,,,,,,1049,119
17,9:00:00,,,6:00:00,,1,,,,,,,,1050,119
17,9:00:00,,,6:00:00,,,1,,,,,,,1051,119
17,9:00:00,,,6:00:00,,,,1,,,,,,1052,119
17,9:00:00,,,6:00:00,,,,,1,,,,,1053,119
17,9:00:00,,,6:00:00,,,,,,1,,,,1054,119
17,1:00:00,,,12:00:00,,,,,,,1,,,1055,120
17,9:00:00,,,6:00:00,1,,,,,,,,,1056,120
17,9:00:00,,,6:00:00,,1,,,,,,,,1057,120
17,9:00:00,,,6:00:00,,,1,,,,,,,1058,120
17,9:00:00,,,6:00:00,,,,1,,,,,,1059,120
17,9:00:00,,,6:00:00,,,,,1,,,,,1060,120
17,9:00:00,,,6:00:00,,,,,,1,,,,1061,120
17,1:00:00,,,12:00:00,,,,,,,1,,,1062,121
17,9:00:00,,,6:00:00,1,,,,,,,,,1063,121
17,9:00:00,,,6:00:00,,1,,,,,,,,1064,121
17,9:00:00,,,6:00:00,,,1,,,,,,,1065,121
17,9:00:00,,,6:00:00,,,,1,,,,,,1066,121
17,9:00:00,,,6:00:00,,,,,1,,,,,1067,121
17,9:00:00,,,6:00:00,,,,,,1,,,,1068,121
17,1:00:00,,,12:00:00,,,,,,,1,,,1069,122
17,9:00:00,,,6:00:00,1,,,,,,,,,1070,122
17,9:00:00,,,6:00:00,,1,,,,,,,,1071,122
17,9:00:00,,,6:00:00,,,1,,,,,,,1072,122
17,9:00:00,,,6:00:00,,,,1,,,,,,1073,122
17,9:00:00,,,6:00:00,,,,,1,,,,,1074,122
17,9:00:00,,,6:00:00,,,,,,1,,,,1075,122
17,1:00:00,,,12:00:00,,,,,,,1,,,1076,123
17,9:00:00,,,6:00:00,1,,,,,,,,,1077,123
17,9:00:00,,,6:00:00,,1,,,,,,,,1078,123
17,9:00:00,,,6:00:00,,,1,,,,,,,1079,123
17,9:00:00,,,6:00:00,,,,1,,,,,,1080,123
17,9:00:00,,,6:00:00,,,,,1,,,,,1081,123
17,9:00:00,,,6:00:00,,,,,,1,,,,1082,123
17,1:00:00,,,12:00:00,,,,,,,1,,,1083,124
17,9:00:00,,,6:00:00,1,,,,,,,,,1084,124
17,9:00:00,,,6:00:00,,1,,,,,,,,1085,124
17,9:00:00,,,6:00:00,,,1,,,,,,,1086,124
17,9:00:00,,,6:00:00,,,,1,,,,,,1087,124
17,9:00:00,,,6:00:00,,,,,1,,,,,1088,124
17,9:00:00,,,6:00:00,,,,,,1,,,,1089,124
17,1:00:00,,,12:00:00,,,,,,,1,,,1090,125
17,9:00:00,,,6:00:00,1,,,,,,,,,1091,125
17,9:00:00,,,6:00:00,,1,,,,,,,,1092,125
17,9:00:00,,,6:00:00,,,1,,,,,,,1093,125
17,9:00:00,,,6:00:00,,,,1,,,,,,1094,125
17,9:00:00,,,6:00:00,,,,,1,,,,,1095,125
17,9:00:00,,,6:00:00,,,,,,1,,,,1096,125
17,1:00:00,,,12:00:00,,,,,,,1,,,1097,126
17,9:00:00,,,6:00:00,1,,,,,,,,,1098,126
17,9:00:00,,,6:00:00,,1,,,,,,,,1099,126
17,9:00:00,,,6:00:00,,,1,,,,,,,1100,126
17,9:00:00,,,6:00:00,,,,1,,,,,,1101,126
17,9:00:00,,,6:00:00,,,,,1,,,,,1102,126
17,9:00:00,,,6:00:00,,,,,,1,,,,1103,126
17,1:00:00,,,12:00:00,,,,,,,1,,,1104,127
17,9:00:00,,,6:00:00,1,,,,,,,,,1105,127
17,9:00:00,,,6:00:00,,1,,,,,,,,1106,127
17,9:00:00,,,6:00:00,,,1,,,,,,,1107,127
17,9:00:00,,,6:00:00,,,,1,,,,,,1108,127
17,9:00:00,,,6:00:00,,,,,1,,,,,1109,127
17,9:00:00,,,6:00:00,,,,,,1,,,,1110,127
17,1:00:00,,,12:00:00,,,,,,,1,,,1111,128
17,9:00:00,,,6:00:00,1,,,,,,,,,1112,128
17,9:00:00,,,6:00:00,,1,,,,,,,,1113,128
17,9:00:00,,,6:00:00,,,1,,,,,,,1114,128
17,9:00:00,,,6:00:00,,,,1,,,,,,1115,128
17,9:00:00,,,6:00:00,,,,,1,,,,,1116,128
17,9:00:00,,,6:00:00,,,,,,1,,,,1117,128
17,1:00:00,,,12:00:00,,,,,,,1,,,1118,129
17,9:00:00,,,6:00:00,1,,,,,,,,,1119,129
17,9:00:00,,,6:00:00,,1,,,,,,,,1120,129
17,9:00:00,,,6:00:00,,,1,,,,,,,1121,129
17,9:00:00,,,6:00:00,,,,1,,,,,,1122,129
17,9:00:00,,,6:00:00,,,,,1,,,,,1123,129
17,9:00:00,,,6:00:00,,,,,,1,,,,1124,129
17,1:00:00,,,12:00:00,,,,,,,1,,,1125,130
17,9:00:00,,,6:00:00,1,,,,,,,,,1126,130
17,9:00:00,,,6:00:00,,1,,,,,,,,1127,130
17,9:00:00,,,6:00:00,,,1,,,,,,,1128,130
17,9:00:00,,,6:00:00,,,,1,,,,,,1129,130
17,9:00:00,,,6:00:00,,,,,1,,,,,1130,130
17,9:00:00,,,6:00:00,,,,,,1,,,,1131,130
17,1:00:00,,,12:00:00,,,,,,,1,,,1132,131
17,9:00:00,,,6:00:00,1,,,,,,,,,1133,131
17,9:00:00,,,6:00:00,,1,,,,,,,,1134,131
17,9:00:00,,,6:00:00,,,1,,,,,,,1135,131
17,9:00:00,,,6:00:00,,,,1,,,,,,1136,131
17,9:00:00,,,6:00:00,,,,,1,,,,,1137,131
17,9:00:00,,,6:00:00,,,,,,1,,,,1138,131
17,1:00:00,,,12:00:00,,,,,,,1,,,1139,132
17,9:00:00,,,6:00:00,1,,,,,,,,,1140,132
17,9:00:00,,,6:00:00,,1,,,,,,,,1141,132
17,9:00:00,,,6:00:00,,,1,,,,,,,1142,132
17,9:00:00,,,6:00:00,,,,1,,,,,,1143,132
17,9:00:00,,,6:00:00,,,,,1,,,,,1144,132
17,9:00:00,,,6:00:00,,,,,,1,,,,1145,132
17,1:00:00,,,12:00:00,,,,,,,1,,,1146,133
17,9:00:00,,,6:00:00,1,,,,,,,,,1147,133
17,9:00:00,,,6:00:00,,1,,,,,,,,1148,133
17,9:00:00,,,6:00:00,,,1,,,,,,,1149,133
17,9:00:00,,,6:00:00,,,,1,,,,,,1150,133
17,9:00:00,,,6:00:00,,,,,1,,,,,1151,133
17,9:00:00,,,6:00:00,,,,,,1,,,,1152,133
17,1:00:00,,,12:00:00,,,,,,,1,,,1153,134
17,9:00:00,,,6:00:00,1,,,,,,,,,1154,134
17,9:00:00,,,6:00:00,,1,,,,,,,,1155,134
17,9:00:00,,,6:00:00,,,1,,,,,,,1156,134
17,9:00:00,,,6:00:00,,,,1,,,,,,1157,134
17,9:00:00,,,6:00:00,,,,,1,,,,,1158,134
17,9:00:00,,,6:00:00,,,,,,1,,,,1159,134
17,1:00:00,,,12:00:00,,,,,,,1,,,1160,135
17,9:00:00,,,6:00:00,1,,,,,,,,,1161,135
17,9:00:00,,,6:00:00,,1,,,,,,,,1162,135
17,9:00:00,,,6:00:00,,,1,,,,,,,1163,135
17,9:00:00,,,6:00:00,,,,1,,,,,,1164,135
17,9:00:00,,,6:00:00,,,,,1,,,,,1165,135
17,9:00:00,,,6:00:00,,,,,,1,,,,1166,135
17,8:00:00,,,17:00:00,,,,,,,1,,,1167,136
17,8:00:00,,,17:00:00,1,,,,,,,,,1168,136
17,8:00:00,,,17:00:00,,1,,,,,,,,1169,136
17,8:00:00,,,17:00:00,,,1,,,,,,,1170,136
17,8:00:00,,,17:00:00,,,,1,,,,,,1171,136
17,8:00:00,,,17:00:00,,,,,1,,,,,1172,136
17,8:00:00,,,17:00:00,,,,,,1,,,,1173,136
17,1:00:00,,,12:00:00,,,,,,,1,,,1174,137
17,9:00:00,,,6:00:00,1,,,,,,,,,1175,137
17,9:00:00,,,6:00:00,,1,,,,,,,,1176,137
17,9:00:00,,,6:00:00,,,1,,,,,,,1177,137
17,9:00:00,,,6:00:00,,,,1,,,,,,1178,137
17,9:00:00,,,6:00:00,,,,,1,,,,,1179,137
17,9:00:00,,,6:00:00,,,,,,1,,,,1180,137
17,1:00:00,,,12:00:00,,,,,,,1,,,1181,138
17,9:00:00,,,6:00:00,1,,,,,,,,,1182,138
17,9:00:00,,,6:00:00,,1,,,,,,,,1183,138
17,9:00:00,,,6:00:00,,,1,,,,,,,1184,138
17,9:00:00,,,6:00:00,,,,1,,,,,,1185,138
17,9:00:00,,,6:00:00,,,,,1,,,,,1186,138
17,9:00:00,,,6:00:00,,,,,,1,,,,1187,138
17,6:59:00,,,18:01:00,,,,,,,1,,,1188,139
17,6:59:00,,,18:01:00,1,,,,,,,,,1189,139
17,6:59:00,,,18:01:00,,1,,,,,,,,1190,139
17,6:59:00,,,18:01:00,,,1,,,,,,,1191,139
17,6:59:00,,,18:01:00,,,,1,,,,,,1192,139
17,6:59:00,,,18:01:00,,,,,1,,,,,1193,139
17,6:59:00,,,18:01:00,,,,,,1,,,,1194,139
17,1:00:00,,,12:00:00,,,,,,,1,,,1195,140
17,9:00:00,,,6:00:00,1,,,,,,,,,1196,140
17,9:00:00,,,6:00:00,,1,,,,,,,,1197,140
17,9:00:00,,,6:00:00,,,1,,,,,,,1198,140
17,9:00:00,,,6:00:00,,,,1,,,,,,1199,140
17,9:00:00,,,6:00:00,,,,,1,,,,,1200,140
17,9:00:00,,,6:00:00,,,,,,1,,,,1201,140
17,1:00:00,,,12:00:00,,,,,,,1,,,1202,141
17,9:00:00,,,6:00:00,1,,,,,,,,,1203,141
17,9:00:00,,,6:00:00,,1,,,,,,,,1204,141
17,9:00:00,,,6:00:00,,,1,,,,,,,1205,141
17,9:00:00,,,6:00:00,,,,1,,,,,,1206,141
17,9:00:00,,,6:00:00,,,,,1,,,,,1207,141
17,9:00:00,,,6:00:00,,,,,,1,,,,1208,141
17,1:00:00,,,12:00:00,,,,,,,1,,,1209,142
17,9:00:00,,,6:00:00,1,,,,,,,,,1210,142
17,9:00:00,,,6:00:00,,1,,,,,,,,1211,142
17,9:00:00,,,6:00:00,,,1,,,,,,,1212,142
17,9:00:00,,,6:00:00,,,,1,,,,,,1213,142
17,9:00:00,,,6:00:00,,,,,1,,,,,1214,142
17,9:00:00,,,6:00:00,,,,,,1,,,,1215,142
17,0:00:00,,,0:00:00,,,,,,,1,,,1216,143
17,0:00:00,,,0:00:00,1,,,,,,,,,1217,143
17,0:00:00,,,0:00:00,,1,,,,,,,,1218,143
17,0:00:00,,,0:00:00,,,1,,,,,,,1219,143
17,0:00:00,,,0:00:00,,,,1,,,,,,1220,143
17,0:00:00,,,0:00:00,,,,,1,,,,,1221,143
17,0:00:00,,,0:00:00,,,,,,1,,,,1222,143
17,7:30:00,,,17:30:00,,,,,,,1,,,1223,144
17,7:30:00,,,17:30:00,1,,,,,,,,,1224,144
17,7:30:00,,,17:30:00,,1,,,,,,,,1225,144
17,7:30:00,,,17:30:00,,,1,,,,,,,1226,144
17,7:30:00,,,17:30:00,,,,1,,,,,,1227,144
17,7:30:00,,,17:30:00,,,,,1,,,,,1228,144
17,7:30:00,,,17:30:00,,,,,,1,,,,1229,144
17,9:30:00,,,18:30:00,,,,,,,1,,,1230,145
17,9:30:00,,,18:30:00,1,,,,,,,,,1231,145
17,9:30:00,,,18:30:00,,1,,,,,,,,1232,145
17,9:30:00,,,18:30:00,,,1,,,,,,,1233,145
17,9:30:00,,,18:30:00,,,,1,,,,,,1234,145
17,9:30:00,,,18:30:00,,,,,1,,,,,1235,145
17,9:30:00,,,18:30:00,,,,,,1,,,,1236,145
17,8:00:00,,,17:30:00,,,,,,,1,,,1237,146
17,8:00:00,,,17:30:00,1,,,,,,,,,1238,146
17,8:00:00,,,17:30:00,,1,,,,,,,,1239,146
17,8:00:00,,,17:30:00,,,1,,,,,,,1240,146
17,8:00:00,,,17:30:00,,,,1,,,,,,1241,146
17,8:00:00,,,17:30:00,,,,,1,,,,,1242,146
17,8:00:00,,,17:30:00,,,,,,1,,,,1243,146
17,1:00:00,,,12:00:00,,,,,,,1,,,1244,147
17,9:00:00,,,6:00:00,1,,,,,,,,,1245,147
17,9:00:00,,,6:00:00,,1,,,,,,,,1246,147
17,9:00:00,,,6:00:00,,,1,,,,,,,1247,147
17,9:00:00,,,6:00:00,,,,1,,,,,,1248,147
17,9:00:00,,,6:00:00,,,,,1,,,,,1249,147
17,9:00:00,,,6:00:00,,,,,,1,,,,1250,147
17,1:00:00,,,12:00:00,,,,,,,1,,,1251,148
17,9:00:00,,,6:00:00,1,,,,,,,,,1252,148
17,9:00:00,,,6:00:00,,1,,,,,,,,1253,148
17,9:00:00,,,6:00:00,,,1,,,,,,,1254,148
17,9:00:00,,,6:00:00,,,,1,,,,,,1255,148
17,9:00:00,,,6:00:00,,,,,1,,,,,1256,148
17,9:00:00,,,6:00:00,,,,,,1,,,,1257,148
17,1:00:00,,,12:00:00,,,,,,,1,,,1258,149
17,9:00:00,,,6:00:00,1,,,,,,,,,1259,149
17,9:00:00,,,6:00:00,,1,,,,,,,,1260,149
17,9:00:00,,,6:00:00,,,1,,,,,,,1261,149
17,9:00:00,,,6:00:00,,,,1,,,,,,1262,149
17,9:00:00,,,6:00:00,,,,,1,,,,,1263,149
17,9:00:00,,,6:00:00,,,,,,1,,,,1264,149
17,1:00:00,,,12:00:00,,,,,,,1,,,1265,150
17,9:00:00,,,6:00:00,1,,,,,,,,,1266,150
17,9:00:00,,,6:00:00,,1,,,,,,,,1267,150
17,9:00:00,,,6:00:00,,,1,,,,,,,1268,150
17,9:00:00,,,6:00:00,,,,1,,,,,,1269,150
17,9:00:00,,,6:00:00,,,,,1,,,,,1270,150
17,9:00:00,,,6:00:00,,,,,,1,,,,1271,150
17,8:00:00,,,17:00:00,,,,,,,1,,,1272,151
17,8:00:00,,,17:00:00,1,,,,,,,,,1273,151
17,8:00:00,,,17:00:00,,1,,,,,,,,1274,151
17,8:00:00,,,17:00:00,,,1,,,,,,,1275,151
17,8:00:00,,,17:00:00,,,,1,,,,,,1276,151
17,8:00:00,,,17:00:00,,,,,1,,,,,1277,151
17,8:00:00,,,17:00:00,,,,,,1,,,,1278,151
17,1:00:00,,,12:00:00,,,,,,,1,,,1279,152
17,9:00:00,,,6:00:00,1,,,,,,,,,1280,152
17,9:00:00,,,6:00:00,,1,,,,,,,,1281,152
17,9:00:00,,,6:00:00,,,1,,,,,,,1282,152
17,9:00:00,,,6:00:00,,,,1,,,,,,1283,152
17,9:00:00,,,6:00:00,,,,,1,,,,,1284,152
17,9:00:00,,,6:00:00,,,,,,1,,,,1285,152
17,1:00:00,,,12:00:00,,,,,,,1,,,1286,153
17,9:00:00,,,6:00:00,1,,,,,,,,,1287,153
17,9:00:00,,,6:00:00,,1,,,,,,,,1288,153
17,9:00:00,,,6:00:00,,,1,,,,,,,1289,153
17,9:00:00,,,6:00:00,,,,1,,,,,,1290,153
17,9:00:00,,,6:00:00,,,,,1,,,,,1291,153
17,9:00:00,,,6:00:00,,,,,,1,,,,1292,153
17,1:00:00,,,12:00:00,,,,,,,1,,,1293,154
17,9:00:00,,,6:00:00,1,,,,,,,,,1294,154
17,9:00:00,,,6:00:00,,1,,,,,,,,1295,154
17,9:00:00,,,6:00:00,,,1,,,,,,,1296,154
17,9:00:00,,,6:00:00,,,,1,,,,,,1297,154
17,9:00:00,,,6:00:00,,,,,1,,,,,1298,154
17,9:00:00,,,6:00:00,,,,,,1,,,,1299,154
17,1:00:00,,,12:00:00,,,,,,,1,,,1300,155
17,9:00:00,,,6:00:00,1,,,,,,,,,1301,155
17,9:00:00,,,6:00:00,,1,,,,,,,,1302,155
17,9:00:00,,,6:00:00,,,1,,,,,,,1303,155
17,9:00:00,,,6:00:00,,,,1,,,,,,1304,155
17,9:00:00,,,6:00:00,,,,,1,,,,,1305,155
17,9:00:00,,,6:00:00,,,,,,1,,,,1306,155
17,0:00:00,,,0:00:00,,,,,,,1,,,1307,156
17,0:00:00,,,0:00:00,1,,,,,,,,,1308,156
17,0:00:00,,,0:00:00,,1,,,,,,,,1309,156
17,0:00:00,,,0:00:00,,,1,,,,,,,1310,156
17,0:00:00,,,0:00:00,,,,1,,,,,,1311,156
17,0:00:00,,,0:00:00,,,,,1,,,,,1312,156
17,0:00:00,,,0:00:00,,,,,,1,,,,1313,156
17,8:00:00,,,17:00:00,,,,,,,1,,,1314,157
17,8:00:00,,,17:00:00,1,,,,,,,,,1315,157
17,8:00:00,,,17:00:00,,1,,,,,,,,1316,157
17,8:00:00,,,17:00:00,,,1,,,,,,,1317,157
17,8:00:00,,,17:00:00,,,,1,,,,,,1318,157
17,8:00:00,,,17:00:00,,,,,1,,,,,1319,157
17,8:00:00,,,17:00:00,,,,,,1,,,,1320,157
17,8:00:00,,,17:30:00,,,,,,,1,,,1321,158
17,8:00:00,,,17:30:00,1,,,,,,,,,1322,158
17,8:00:00,,,17:30:00,,1,,,,,,,,1323,158
17,8:00:00,,,17:30:00,,,1,,,,,,,1324,158
17,8:00:00,,,17:30:00,,,,1,,,,,,1325,158
17,8:00:00,,,17:30:00,,,,,1,,,,,1326,158
17,8:00:00,,,12:00:00,,,,,,1,,,,1327,158
17,9:00:00,,,18:00:00,,,,,,,1,,,1328,159
17,9:00:00,,,18:00:00,1,,,,,,,,,1329,159
17,9:00:00,,,18:00:00,,1,,,,,,,,1330,159
17,9:00:00,,,18:00:00,,,1,,,,,,,1331,159
17,9:00:00,,,18:00:00,,,,1,,,,,,1332,159
17,9:00:00,,,18:00:00,,,,,1,,,,,1333,159
17,9:00:00,,,13:30:00,,,,,,1,,,,1334,159
17,1:00:00,,,12:00:00,,,,,,,1,,,1335,160
17,9:00:00,,,6:00:00,1,,,,,,,,,1336,160
17,9:00:00,,,6:00:00,,1,,,,,,,,1337,160
17,9:00:00,,,6:00:00,,,1,,,,,,,1338,160
17,9:00:00,,,6:00:00,,,,1,,,,,,1339,160
17,9:00:00,,,6:00:00,,,,,1,,,,,1340,160
17,9:00:00,,,6:00:00,,,,,,1,,,,1341,160
17,1:00:00,,,12:00:00,,,,,,,1,,,1342,161
17,9:00:00,,,6:00:00,1,,,,,,,,,1343,161
17,9:00:00,,,6:00:00,,1,,,,,,,,1344,161
17,9:00:00,,,6:00:00,,,1,,,,,,,1345,161
17,9:00:00,,,6:00:00,,,,1,,,,,,1346,161
17,9:00:00,,,6:00:00,,,,,1,,,,,1347,161
17,9:00:00,,,6:00:00,,,,,,1,,,,1348,161
17,0:00:00,,,0:00:00,,,,,,,1,,,1349,162
17,0:00:00,,,0:00:00,1,,,,,,,,,1350,162
17,0:00:00,,,0:00:00,,1,,,,,,,,1351,162
17,0:00:00,,,0:00:00,,,1,,,,,,,1352,162
17,0:00:00,,,0:00:00,,,,1,,,,,,1353,162
17,0:00:00,,,0:00:00,,,,,1,,,,,1354,162
17,0:00:00,,,0:00:00,,,,,,1,,,,1355,162
17,7:30:00,,,17:30:00,,,,,,,1,,,1356,163
17,7:30:00,,,17:30:00,1,,,,,,,,,1357,163
17,7:30:00,,,17:30:00,,1,,,,,,,,1358,163
17,7:30:00,,,17:30:00,,,1,,,,,,,1359,163
17,7:30:00,,,17:30:00,,,,1,,,,,,1360,163
17,7:30:00,,,17:30:00,,,,,1,,,,,1361,163
17,7:30:00,,,17:30:00,,,,,,1,,,,1362,163
17,9:30:00,,,18:30:00,,,,,,,1,,,1363,164
17,9:30:00,,,18:30:00,1,,,,,,,,,1364,164
17,9:30:00,,,18:30:00,,1,,,,,,,,1365,164
17,9:30:00,,,18:30:00,,,1,,,,,,,1366,164
17,9:30:00,,,18:30:00,,,,1,,,,,,1367,164
17,9:30:00,,,18:30:00,,,,,1,,,,,1368,164
17,9:30:00,,,18:30:00,,,,,,1,,,,1369,164
17,1:00:00,,,12:00:00,,,,,,,1,,,1370,165
17,9:00:00,,,6:00:00,1,,,,,,,,,1371,165
17,9:00:00,,,6:00:00,,1,,,,,,,,1372,165
17,9:00:00,,,6:00:00,,,1,,,,,,,1373,165
17,9:00:00,,,6:00:00,,,,1,,,,,,1374,165
17,9:00:00,,,6:00:00,,,,,1,,,,,1375,165
17,9:00:00,,,6:00:00,,,,,,1,,,,1376,165
17,8:00:00,,,17:00:00,,,,,,,1,,,1377,166
17,8:00:00,,,17:00:00,1,,,,,,,,,1378,166
17,8:00:00,,,17:00:00,,1,,,,,,,,1379,166
17,8:00:00,,,17:00:00,,,1,,,,,,,1380,166
17,8:00:00,,,17:00:00,,,,1,,,,,,1381,166
17,8:00:00,,,17:00:00,,,,,1,,,,,1382,166
17,8:00:00,,,17:00:00,,,,,,1,,,,1383,166
17,8:00:00,,,17:00:00,,,,,,,1,,,1384,167
17,8:00:00,,,17:00:00,1,,,,,,,,,1385,167
17,8:00:00,,,17:00:00,,1,,,,,,,,1386,167
17,8:00:00,,,17:00:00,,,1,,,,,,,1387,167
17,8:00:00,,,17:00:00,,,,1,,,,,,1388,167
17,8:00:00,,,17:00:00,,,,,1,,,,,1389,167
17,8:00:00,,,17:00:00,,,,,,1,,,,1390,167
17,8:00:00,,,17:30:00,,,,,,,1,,,1391,168
17,8:00:00,,,17:30:00,1,,,,,,,,,1392,168
17,8:00:00,,,17:30:00,,1,,,,,,,,1393,168
17,8:00:00,,,17:30:00,,,1,,,,,,,1394,168
17,8:00:00,,,17:30:00,,,,1,,,,,,1395,168
17,8:00:00,,,17:30:00,,,,,1,,,,,1396,168
17,8:00:00,,,17:30:00,,,,,,1,,,,1397,168
17,1:00:00,,,12:00:00,,,,,,,1,,,1398,169
17,9:00:00,,,6:00:00,1,,,,,,,,,1399,169
17,9:00:00,,,6:00:00,,1,,,,,,,,1400,169
17,9:00:00,,,6:00:00,,,1,,,,,,,1401,169
17,9:00:00,,,6:00:00,,,,1,,,,,,1402,169
17,9:00:00,,,6:00:00,,,,,1,,,,,1403,169
17,9:00:00,,,6:00:00,,,,,,1,,,,1404,169
17,1:00:00,,,12:00:00,,,,,,,1,,,1405,170
17,9:00:00,,,6:00:00,1,,,,,,,,,1406,170
17,9:00:00,,,6:00:00,,1,,,,,,,,1407,170
17,9:00:00,,,6:00:00,,,1,,,,,,,1408,170
17,9:00:00,,,6:00:00,,,,1,,,,,,1409,170
17,9:00:00,,,6:00:00,,,,,1,,,,,1410,170
17,9:00:00,,,6:00:00,,,,,,1,,,,1411,170
17,1:00:00,,,12:00:00,,,,,,,1,,,1412,171
17,9:00:00,,,6:00:00,1,,,,,,,,,1413,171
17,9:00:00,,,6:00:00,,1,,,,,,,,1414,171
17,9:00:00,,,6:00:00,,,1,,,,,,,1415,171
17,9:00:00,,,6:00:00,,,,1,,,,,,1416,171
17,9:00:00,,,6:00:00,,,,,1,,,,,1417,171
17,9:00:00,,,6:00:00,,,,,,1,,,,1418,171
17,8:00:00,,,17:00:00,,,,,,,1,,,1419,172
17,8:00:00,,,17:00:00,1,,,,,,,,,1420,172
17,8:00:00,,,17:00:00,,1,,,,,,,,1421,172
17,8:00:00,,,17:00:00,,,1,,,,,,,1422,172
17,8:00:00,,,17:00:00,,,,1,,,,,,1423,172
17,8:00:00,,,17:00:00,,,,,1,,,,,1424,172
17,8:00:00,,,17:00:00,,,,,,1,,,,1425,172
17,8:00:00,,,17:00:00,,,,,,,1,,,1426,173
17,8:00:00,,,17:00:00,1,,,,,,,,,1427,173
17,8:00:00,,,17:00:00,,1,,,,,,,,1428,173
17,8:00:00,,,17:00:00,,,1,,,,,,,1429,173
17,8:00:00,,,17:00:00,,,,1,,,,,,1430,173
17,8:00:00,,,17:00:00,,,,,1,,,,,1431,173
17,8:00:00,,,17:00:00,,,,,,1,,,,1432,173
17,1:00:00,,,12:00:00,,,,,,,1,,,1433,174
17,9:00:00,,,6:00:00,1,,,,,,,,,1434,174
17,9:00:00,,,6:00:00,,1,,,,,,,,1435,174
17,9:00:00,,,6:00:00,,,1,,,,,,,1436,174
17,9:00:00,,,6:00:00,,,,1,,,,,,1437,174
17,9:00:00,,,6:00:00,,,,,1,,,,,1438,174
17,9:00:00,,,6:00:00,,,,,,1,,,,1439,174
17,0:00:00,,,0:00:00,,,,,,,1,,,1440,175
17,0:00:00,,,0:00:00,1,,,,,,,,,1441,175
17,0:00:00,,,0:00:00,,1,,,,,,,,1442,175
17,0:00:00,,,0:00:00,,,1,,,,,,,1443,175
17,0:00:00,,,0:00:00,,,,1,,,,,,1444,175
17,0:00:00,,,0:00:00,,,,,1,,,,,1445,175
17,0:00:00,,,0:00:00,,,,,,1,,,,1446,175
17,8:00:00,,,17:30:00,,,,,,,1,,,1447,176
17,8:00:00,,,17:30:00,1,,,,,,,,,1448,176
17,8:00:00,,,17:30:00,,1,,,,,,,,1449,176
17,8:00:00,,,17:30:00,,,1,,,,,,,1450,176
17,8:00:00,,,17:30:00,,,,1,,,,,,1451,176
17,8:00:00,,,17:30:00,,,,,1,,,,,1452,176
17,8:00:00,,,12:00:00,,,,,,1,,,,1453,176
17,1:00:00,,,12:00:00,,,,,,,1,,,1454,177
17,9:00:00,,,6:00:00,1,,,,,,,,,1455,177
17,9:00:00,,,6:00:00,,1,,,,,,,,1456,177
17,9:00:00,,,6:00:00,,,1,,,,,,,1457,177
17,9:00:00,,,6:00:00,,,,1,,,,,,1458,177
17,9:00:00,,,6:00:00,,,,,1,,,,,1459,177
17,9:00:00,,,6:00:00,,,,,,1,,,,1460,177
8,1:00:00,,,12:00:00,,,,,,,1,,,1461,178
8,9:00:00,,,6:00:00,1,,,,,,,,,1462,178
8,9:00:00,,,6:00:00,,1,,,,,,,,1463,178
8,9:00:00,,,6:00:00,,,1,,,,,,,1464,178
8,9:00:00,,,6:00:00,,,,1,,,,,,1465,178
8,9:00:00,,,6:00:00,,,,,1,,,,,1466,178
8,9:00:00,,,6:00:00,,,,,,1,,,,1467,178
3,1:00:00,,,12:00:00,,,,,,,1,,,1468,179
3,9:00:00,,,6:00:00,1,,,,,,,,,1469,179
3,9:00:00,,,6:00:00,,1,,,,,,,,1470,179
3,9:00:00,,,6:00:00,,,1,,,,,,,1471,179
3,9:00:00,,,6:00:00,,,,1,,,,,,1472,179
3,9:00:00,,,6:00:00,,,,,1,,,,,1473,179
3,9:00:00,,,6:00:00,,,,,,1,,,,1474,179
17,0:00:00,,,0:00:00,,,,,,,1,,,1475,180
17,0:00:00,,,0:00:00,1,,,,,,,,,1476,180
17,0:00:00,,,0:00:00,,1,,,,,,,,1477,180
17,0:00:00,,,0:00:00,,,1,,,,,,,1478,180
17,0:00:00,,,0:00:00,,,,1,,,,,,1479,180
17,0:00:00,,,0:00:00,,,,,1,,,,,1480,180
17,0:00:00,,,0:00:00,,,,,,1,,,,1481,180
8,0:00:00,,,0:00:00,,,,,,,1,,,1482,181
8,0:00:00,,,0:00:00,1,,,,,,,,,1483,181
8,0:00:00,,,0:00:00,,1,,,,,,,,1484,181
8,0:00:00,,,0:00:00,,,1,,,,,,,1485,181
8,0:00:00,,,0:00:00,,,,1,,,,,,1486,181
8,0:00:00,,,0:00:00,,,,,1,,,,,1487,181
8,0:00:00,,,0:00:00,,,,,,1,,,,1488,181
17,1:00:00,,,12:00:00,,,,,,,1,,,1489,182
17,9:00:00,,,6:00:00,1,,,,,,,,,1490,182
17,9:00:00,,,6:00:00,,1,,,,,,,,1491,182
17,9:00:00,,,6:00:00,,,1,,,,,,,1492,182
17,9:00:00,,,6:00:00,,,,1,,,,,,1493,182
17,9:00:00,,,6:00:00,,,,,1,,,,,1494,182
17,9:00:00,,,6:00:00,,,,,,1,,,,1495,182
17,8:00:00,,,17:30:00,,,,,,,1,,,1496,183
17,8:00:00,,,17:30:00,1,,,,,,,,,1497,183
17,8:00:00,,,17:30:00,,1,,,,,,,,1498,183
17,8:00:00,,,17:30:00,,,1,,,,,,,1499,183
17,8:00:00,,,17:30:00,,,,1,,,,,,1500,183
17,8:00:00,,,17:30:00,,,,,1,,,,,1501,183
17,8:00:00,,,12:00:00,,,,,,1,,,,1502,183
17,8:00:00,,,12:00:00,,,,,,,1,,,1503,184
17,8:00:00,,,12:00:00,1,,,,,,,,,1504,184
17,8:00:00,,,12:00:00,,1,,,,,,,,1505,184
17,8:00:00,,,12:00:00,,,1,,,,,,,1506,184
17,8:00:00,,,12:00:00,,,,1,,,,,,1507,184
17,8:00:00,,,12:00:00,,,,,1,,,,,1508,184
17,8:00:00,,,12:00:00,,,,,,1,,,,1509,184
17,1:00:00,,,12:00:00,,,,,,,1,,,1510,185
17,9:00:00,,,6:00:00,1,,,,,,,,,1511,185
17,9:00:00,,,6:00:00,,1,,,,,,,,1512,185
17,9:00:00,,,6:00:00,,,1,,,,,,,1513,185
17,9:00:00,,,6:00:00,,,,1,,,,,,1514,185
17,9:00:00,,,6:00:00,,,,,1,,,,,1515,185
17,9:00:00,,,6:00:00,,,,,,1,,,,1516,185
17,1:00:00,,,12:00:00,,,,,,,1,,,1517,186
17,9:00:00,,,6:00:00,1,,,,,,,,,1518,186
17,9:00:00,,,6:00:00,,1,,,,,,,,1519,186
17,9:00:00,,,6:00:00,,,1,,,,,,,1520,186
17,9:00:00,,,6:00:00,,,,1,,,,,,1521,186
17,9:00:00,,,6:00:00,,,,,1,,,,,1522,186
17,9:00:00,,,6:00:00,,,,,,1,,,,1523,186
17,1:00:00,,,12:00:00,,,,,,,1,,,1524,187
17,9:00:00,,,6:00:00,1,,,,,,,,,1525,187
17,9:00:00,,,6:00:00,,1,,,,,,,,1526,187
17,9:00:00,,,6:00:00,,,1,,,,,,,1527,187
17,9:00:00,,,6:00:00,,,,1,,,,,,1528,187
17,9:00:00,,,6:00:00,,,,,1,,,,,1529,187
17,9:00:00,,,6:00:00,,,,,,1,,,,1530,187
17,1:00:00,,,12:00:00,,,,,,,1,,,1531,188
17,9:00:00,,,6:00:00,1,,,,,,,,,1532,188
17,9:00:00,,,6:00:00,,1,,,,,,,,1533,188
17,9:00:00,,,6:00:00,,,1,,,,,,,1534,188
17,9:00:00,,,6:00:00,,,,1,,,,,,1535,188
17,9:00:00,,,6:00:00,,,,,1,,,,,1536,188
17,9:00:00,,,6:00:00,,,,,,1,,,,1537,188
17,1:00:00,,,12:00:00,,,,,,,1,,,1538,189
17,9:00:00,,,6:00:00,1,,,,,,,,,1539,189
17,9:00:00,,,6:00:00,,1,,,,,,,,1540,189
17,9:00:00,,,6:00:00,,,1,,,,,,,1541,189
17,9:00:00,,,6:00:00,,,,1,,,,,,1542,189
17,9:00:00,,,6:00:00,,,,,1,,,,,1543,189
17,9:00:00,,,6:00:00,,,,,,1,,,,1544,189
17,8:00:00,,,17:00:00,,,,,,,1,,,1545,190
17,8:00:00,,,17:00:00,1,,,,,,,,,1546,190
17,8:00:00,,,17:00:00,,1,,,,,,,,1547,190
17,8:00:00,,,17:00:00,,,1,,,,,,,1548,190
17,8:00:00,,,17:00:00,,,,1,,,,,,1549,190
17,8:00:00,,,17:00:00,,,,,1,,,,,1550,190
17,8:00:00,,,17:00:00,,,,,,1,,,,1551,190
17,1:00:00,,,12:00:00,,,,,,,1,,,1552,191
17,9:00:00,,,6:00:00,1,,,,,,,,,1553,191
17,9:00:00,,,6:00:00,,1,,,,,,,,1554,191
17,9:00:00,,,6:00:00,,,1,,,,,,,1555,191
17,9:00:00,,,6:00:00,,,,1,,,,,,1556,191
17,9:00:00,,,6:00:00,,,,,1,,,,,1557,191
17,9:00:00,,,6:00:00,,,,,,1,,,,1558,191
17,1:00:00,,,12:00:00,,,,,,,1,,,1559,192
17,9:00:00,,,6:00:00,1,,,,,,,,,1560,192
17,9:00:00,,,6:00:00,,1,,,,,,,,1561,192
17,9:00:00,,,6:00:00,,,1,,,,,,,1562,192
17,9:00:00,,,6:00:00,,,,1,,,,,,1563,192
17,9:00:00,,,6:00:00,,,,,1,,,,,1564,192
17,9:00:00,,,6:00:00,,,,,,1,,,,1565,192
17,1:00:00,,,12:00:00,,,,,,,1,,,1566,193
17,9:00:00,,,6:00:00,1,,,,,,,,,1567,193
17,9:00:00,,,6:00:00,,1,,,,,,,,1568,193
17,9:00:00,,,6:00:00,,,1,,,,,,,1569,193
17,9:00:00,,,6:00:00,,,,1,,,,,,1570,193
17,9:00:00,,,6:00:00,,,,,1,,,,,1571,193
17,9:00:00,,,6:00:00,,,,,,1,,,,1572,193
17,8:00:00,,,17:30:00,,,,,,,1,,,1573,194
17,8:00:00,,,17:30:00,1,,,,,,,,,1574,194
17,8:00:00,,,17:30:00,,1,,,,,,,,1575,194
17,8:00:00,,,17:30:00,,,1,,,,,,,1576,194
17,8:00:00,,,17:30:00,,,,1,,,,,,1577,194
17,8:00:00,,,17:30:00,,,,,1,,,,,1578,194
17,8:00:00,,,12:00:00,,,,,,1,,,,1579,194
17,1:00:00,,,12:00:00,,,,,,,1,,,1580,195
17,9:00:00,,,6:00:00,1,,,,,,,,,1581,195
17,9:00:00,,,6:00:00,,1,,,,,,,,1582,195
17,9:00:00,,,6:00:00,,,1,,,,,,,1583,195
17,9:00:00,,,6:00:00,,,,1,,,,,,1584,195
17,9:00:00,,,6:00:00,,,,,1,,,,,1585,195
17,9:00:00,,,6:00:00,,,,,,1,,,,1586,195
17,1:00:00,,,12:00:00,,,,,,,1,,,1587,196
17,9:00:00,,,6:00:00,1,,,,,,,,,1588,196
17,9:00:00,,,6:00:00,,1,,,,,,,,1589,196
17,9:00:00,,,6:00:00,,,1,,,,,,,1590,196
17,9:00:00,,,6:00:00,,,,1,,,,,,1591,196
17,9:00:00,,,6:00:00,,,,,1,,,,,1592,196
17,9:00:00,,,6:00:00,,,,,,1,,,,1593,196
17,1:00:00,,,12:00:00,,,,,,,1,,,1594,197
17,9:00:00,,,6:00:00,1,,,,,,,,,1595,197
17,9:00:00,,,6:00:00,,1,,,,,,,,1596,197
17,9:00:00,,,6:00:00,,,1,,,,,,,1597,197
17,9:00:00,,,6:00:00,,,,1,,,,,,1598,197
17,9:00:00,,,6:00:00,,,,,1,,,,,1599,197
17,9:00:00,,,6:00:00,,,,,,1,,,,1600,197
17,1:00:00,,,12:00:00,,,,,,,1,,,1601,198
17,9:00:00,,,6:00:00,1,,,,,,,,,1602,198
17,9:00:00,,,6:00:00,,1,,,,,,,,1603,198
17,9:00:00,,,6:00:00,,,1,,,,,,,1604,198
17,9:00:00,,,6:00:00,,,,1,,,,,,1605,198
17,9:00:00,,,6:00:00,,,,,1,,,,,1606,198
17,9:00:00,,,6:00:00,,,,,,1,,,,1607,198
17,1:00:00,,,12:00:00,,,,,,,1,,,1608,199
17,9:00:00,,,6:00:00,1,,,,,,,,,1609,199
17,9:00:00,,,6:00:00,,1,,,,,,,,1610,199
17,9:00:00,,,6:00:00,,,1,,,,,,,1611,199
17,9:00:00,,,6:00:00,,,,1,,,,,,1612,199
17,9:00:00,,,6:00:00,,,,,1,,,,,1613,199
17,9:00:00,,,6:00:00,,,,,,1,,,,1614,199
17,1:00:00,,,12:00:00,,,,,,,1,,,1615,200
17,9:00:00,,,6:00:00,1,,,,,,,,,1616,200
17,9:00:00,,,6:00:00,,1,,,,,,,,1617,200
17,9:00:00,,,6:00:00,,,1,,,,,,,1618,200
17,9:00:00,,,6:00:00,,,,1,,,,,,1619,200
17,9:00:00,,,6:00:00,,,,,1,,,,,1620,200
17,9:00:00,,,6:00:00,,,,,,1,,,,1621,200
17,1:00:00,,,12:00:00,,,,,,,1,,,1622,201
17,9:00:00,,,6:00:00,1,,,,,,,,,1623,201
17,9:00:00,,,6:00:00,,1,,,,,,,,1624,201
17,9:00:00,,,6:00:00,,,1,,,,,,,1625,201
17,9:00:00,,,6:00:00,,,,1,,,,,,1626,201
17,9:00:00,,,6:00:00,,,,,1,,,,,1627,201
17,9:00:00,,,6:00:00,,,,,,1,,,,1628,201
17,1:00:00,,,12:00:00,,,,,,,1,,,1629,202
17,9:00:00,,,6:00:00,1,,,,,,,,,1630,202
17,9:00:00,,,6:00:00,,1,,,,,,,,1631,202
17,9:00:00,,,6:00:00,,,1,,,,,,,1632,202
17,9:00:00,,,6:00:00,,,,1,,,,,,1633,202
17,9:00:00,,,6:00:00,,,,,1,,,,,1634,202
17,9:00:00,,,6:00:00,,,,,,1,,,,1635,202
17,1:00:00,,,12:00:00,,,,,,,1,,,1636,203
17,9:00:00,,,6:00:00,1,,,,,,,,,1637,203
17,9:00:00,,,6:00:00,,1,,,,,,,,1638,203
17,9:00:00,,,6:00:00,,,1,,,,,,,1639,203
17,9:00:00,,,6:00:00,,,,1,,,,,,1640,203
17,9:00:00,,,6:00:00,,,,,1,,,,,1641,203
17,9:00:00,,,6:00:00,,,,,,1,,,,1642,203
17,1:00:00,,,12:00:00,,,,,,,1,,,1643,204
17,9:00:00,,,6:00:00,1,,,,,,,,,1644,204
17,9:00:00,,,6:00:00,,1,,,,,,,,1645,204
17,9:00:00,,,6:00:00,,,1,,,,,,,1646,204
17,9:00:00,,,6:00:00,,,,1,,,,,,1647,204
17,9:00:00,,,6:00:00,,,,,1,,,,,1648,204
17,9:00:00,,,6:00:00,,,,,,1,,,,1649,204
17,1:00:00,,,12:00:00,,,,,,,1,,,1650,205
17,9:00:00,,,6:00:00,1,,,,,,,,,1651,205
17,9:00:00,,,6:00:00,,1,,,,,,,,1652,205
17,9:00:00,,,6:00:00,,,1,,,,,,,1653,205
17,9:00:00,,,6:00:00,,,,1,,,,,,1654,205
17,9:00:00,,,6:00:00,,,,,1,,,,,1655,205
17,9:00:00,,,6:00:00,,,,,,1,,,,1656,205
17,1:00:00,,,12:00:00,,,,,,,1,,,1657,206
17,9:00:00,,,6:00:00,1,,,,,,,,,1658,206
17,9:00:00,,,6:00:00,,1,,,,,,,,1659,206
17,9:00:00,,,6:00:00,,,1,,,,,,,1660,206
17,9:00:00,,,6:00:00,,,,1,,,,,,1661,206
17,9:00:00,,,6:00:00,,,,,1,,,,,1662,206
17,9:00:00,,,6:00:00,,,,,,1,,,,1663,206
17,1:00:00,,,12:00:00,,,,,,,1,,,1664,207
17,9:00:00,,,6:00:00,1,,,,,,,,,1665,207
17,9:00:00,,,6:00:00,,1,,,,,,,,1666,207
17,9:00:00,,,6:00:00,,,1,,,,,,,1667,207
17,9:00:00,,,6:00:00,,,,1,,,,,,1668,207
17,9:00:00,,,6:00:00,,,,,1,,,,,1669,207
17,9:00:00,,,6:00:00,,,,,,1,,,,1670,207
17,1:00:00,,,12:00:00,,,,,,,1,,,1671,208
17,9:00:00,,,6:00:00,1,,,,,,,,,1672,208
17,9:00:00,,,6:00:00,,1,,,,,,,,1673,208
17,9:00:00,,,6:00:00,,,1,,,,,,,1674,208
17,9:00:00,,,6:00:00,,,,1,,,,,,1675,208
17,9:00:00,,,6:00:00,,,,,1,,,,,1676,208
17,9:00:00,,,6:00:00,,,,,,1,,,,1677,208
17,1:00:00,,,12:00:00,,,,,,,1,,,1678,209
17,9:00:00,,,6:00:00,1,,,,,,,,,1679,209
17,9:00:00,,,6:00:00,,1,,,,,,,,1680,209
17,9:00:00,,,6:00:00,,,1,,,,,,,1681,209
17,9:00:00,,,6:00:00,,,,1,,,,,,1682,209
17,9:00:00,,,6:00:00,,,,,1,,,,,1683,209
17,9:00:00,,,6:00:00,,,,,,1,,,,1684,209
17,1:00:00,,,12:00:00,,,,,,,1,,,1685,210
17,9:00:00,,,6:00:00,1,,,,,,,,,1686,210
17,9:00:00,,,6:00:00,,1,,,,,,,,1687,210
17,9:00:00,,,6:00:00,,,1,,,,,,,1688,210
17,9:00:00,,,6:00:00,,,,1,,,,,,1689,210
17,9:00:00,,,6:00:00,,,,,1,,,,,1690,210
17,9:00:00,,,6:00:00,,,,,,1,,,,1691,210
17,1:00:00,,,12:00:00,,,,,,,1,,,1692,211
17,9:00:00,,,6:00:00,1,,,,,,,,,1693,211
17,9:00:00,,,6:00:00,,1,,,,,,,,1694,211
17,9:00:00,,,6:00:00,,,1,,,,,,,1695,211
17,9:00:00,,,6:00:00,,,,1,,,,,,1696,211
17,9:00:00,,,6:00:00,,,,,1,,,,,1697,211
17,9:00:00,,,6:00:00,,,,,,1,,,,1698,211
17,1:00:00,,,12:00:00,,,,,,,1,,,1699,212
17,9:00:00,,,6:00:00,1,,,,,,,,,1700,212
17,9:00:00,,,6:00:00,,1,,,,,,,,1701,212
17,9:00:00,,,6:00:00,,,1,,,,,,,1702,212
17,9:00:00,,,6:00:00,,,,1,,,,,,1703,212
17,9:00:00,,,6:00:00,,,,,1,,,,,1704,212
17,9:00:00,,,6:00:00,,,,,,1,,,,1705,212
17,1:00:00,,,12:00:00,,,,,,,1,,,1706,213
17,9:00:00,,,6:00:00,1,,,,,,,,,1707,213
17,9:00:00,,,6:00:00,,1,,,,,,,,1708,213
17,9:00:00,,,6:00:00,,,1,,,,,,,1709,213
17,9:00:00,,,6:00:00,,,,1,,,,,,1710,213
17,9:00:00,,,6:00:00,,,,,1,,,,,1711,213
17,9:00:00,,,6:00:00,,,,,,1,,,,1712,213
17,1:00:00,,,12:00:00,,,,,,,1,,,1713,214
17,9:00:00,,,6:00:00,1,,,,,,,,,1714,214
17,9:00:00,,,6:00:00,,1,,,,,,,,1715,214
17,9:00:00,,,6:00:00,,,1,,,,,,,1716,214
17,9:00:00,,,6:00:00,,,,1,,,,,,1717,214
17,9:00:00,,,6:00:00,,,,,1,,,,,1718,214
17,9:00:00,,,6:00:00,,,,,,1,,,,1719,214
17,1:00:00,,,12:00:00,,,,,,,1,,,1720,215
17,9:00:00,,,6:00:00,1,,,,,,,,,1721,215
17,9:00:00,,,6:00:00,,1,,,,,,,,1722,215
17,9:00:00,,,6:00:00,,,1,,,,,,,1723,215
17,9:00:00,,,6:00:00,,,,1,,,,,,1724,215
17,9:00:00,,,6:00:00,,,,,1,,,,,1725,215
17,9:00:00,,,6:00:00,,,,,,1,,,,1726,215
17,1:00:00,,,12:00:00,,,,,,,1,,,1727,216
17,9:00:00,,,6:00:00,1,,,,,,,,,1728,216
17,9:00:00,,,6:00:00,,1,,,,,,,,1729,216
17,9:00:00,,,6:00:00,,,1,,,,,,,1730,216
17,9:00:00,,,6:00:00,,,,1,,,,,,1731,216
17,9:00:00,,,6:00:00,,,,,1,,,,,1732,216
17,9:00:00,,,6:00:00,,,,,,1,,,,1733,216
17,1:00:00,,,12:00:00,,,,,,,1,,,1734,217
17,9:00:00,,,6:00:00,1,,,,,,,,,1735,217
17,9:00:00,,,6:00:00,,1,,,,,,,,1736,217
17,9:00:00,,,6:00:00,,,1,,,,,,,1737,217
17,9:00:00,,,6:00:00,,,,1,,,,,,1738,217
17,9:00:00,,,6:00:00,,,,,1,,,,,1739,217
17,9:00:00,,,6:00:00,,,,,,1,,,,1740,217
17,1:00:00,,,12:00:00,,,,,,,1,,,1741,218
17,9:00:00,,,6:00:00,1,,,,,,,,,1742,218
17,9:00:00,,,6:00:00,,1,,,,,,,,1743,218
17,9:00:00,,,6:00:00,,,1,,,,,,,1744,218
17,9:00:00,,,6:00:00,,,,1,,,,,,1745,218
17,9:00:00,,,6:00:00,,,,,1,,,,,1746,218
17,9:00:00,,,6:00:00,,,,,,1,,,,1747,218
17,1:00:00,,,12:00:00,,,,,,,1,,,1748,219
17,9:00:00,,,6:00:00,1,,,,,,,,,1749,219
17,9:00:00,,,6:00:00,,1,,,,,,,,1750,219
17,9:00:00,,,6:00:00,,,1,,,,,,,1751,219
17,9:00:00,,,6:00:00,,,,1,,,,,,1752,219
17,9:00:00,,,6:00:00,,,,,1,,,,,1753,219
17,9:00:00,,,6:00:00,,,,,,1,,,,1754,219
17,1:00:00,,,12:00:00,,,,,,,1,,,1755,220
17,9:00:00,,,6:00:00,1,,,,,,,,,1756,220
17,9:00:00,,,6:00:00,,1,,,,,,,,1757,220
17,9:00:00,,,6:00:00,,,1,,,,,,,1758,220
17,9:00:00,,,6:00:00,,,,1,,,,,,1759,220
17,9:00:00,,,6:00:00,,,,,1,,,,,1760,220
17,9:00:00,,,6:00:00,,,,,,1,,,,1761,220
17,1:00:00,,,12:00:00,,,,,,,1,,,1762,221
17,9:00:00,,,6:00:00,1,,,,,,,,,1763,221
17,9:00:00,,,6:00:00,,1,,,,,,,,1764,221
17,9:00:00,,,6:00:00,,,1,,,,,,,1765,221
17,9:00:00,,,6:00:00,,,,1,,,,,,1766,221
17,9:00:00,,,6:00:00,,,,,1,,,,,1767,221
17,9:00:00,,,6:00:00,,,,,,1,,,,1768,221
17,1:00:00,,,12:00:00,,,,,,,1,,,1769,222
17,9:00:00,,,6:00:00,1,,,,,,,,,1770,222
17,9:00:00,,,6:00:00,,1,,,,,,,,1771,222
17,9:00:00,,,6:00:00,,,1,,,,,,,1772,222
17,9:00:00,,,6:00:00,,,,1,,,,,,1773,222
17,9:00:00,,,6:00:00,,,,,1,,,,,1774,222
17,9:00:00,,,6:00:00,,,,,,1,,,,1775,222
17,1:00:00,,,12:00:00,,,,,,,1,,,1776,223
17,9:00:00,,,6:00:00,1,,,,,,,,,1777,223
17,9:00:00,,,6:00:00,,1,,,,,,,,1778,223
17,9:00:00,,,6:00:00,,,1,,,,,,,1779,223
17,9:00:00,,,6:00:00,,,,1,,,,,,1780,223
17,9:00:00,,,6:00:00,,,,,1,,,,,1781,223
17,9:00:00,,,6:00:00,,,,,,1,,,,1782,223
17,1:00:00,,,12:00:00,,,,,,,1,,,1783,224
17,9:00:00,,,6:00:00,1,,,,,,,,,1784,224
17,9:00:00,,,6:00:00,,1,,,,,,,,1785,224
17,9:00:00,,,6:00:00,,,1,,,,,,,1786,224
17,9:00:00,,,6:00:00,,,,1,,,,,,1787,224
17,9:00:00,,,6:00:00,,,,,1,,,,,1788,224
17,9:00:00,,,6:00:00,,,,,,1,,,,1789,224
17,1:00:00,,,12:00:00,,,,,,,1,,,1790,225
17,9:00:00,,,6:00:00,1,,,,,,,,,1791,225
17,9:00:00,,,6:00:00,,1,,,,,,,,1792,225
17,9:00:00,,,6:00:00,,,1,,,,,,,1793,225
17,9:00:00,,,6:00:00,,,,1,,,,,,1794,225
17,9:00:00,,,6:00:00,,,,,1,,,,,1795,225
17,9:00:00,,,6:00:00,,,,,,1,,,,1796,225
17,1:00:00,,,12:00:00,,,,,,,1,,,1797,226
17,9:00:00,,,6:00:00,1,,,,,,,,,1798,226
17,9:00:00,,,6:00:00,,1,,,,,,,,1799,226
17,9:00:00,,,6:00:00,,,1,,,,,,,1800,226
17,9:00:00,,,6:00:00,,,,1,,,,,,1801,226
17,9:00:00,,,6:00:00,,,,,1,,,,,1802,226
17,9:00:00,,,6:00:00,,,,,,1,,,,1803,226
17,1:00:00,,,12:00:00,,,,,,,1,,,1804,227
17,9:00:00,,,6:00:00,1,,,,,,,,,1805,227
17,9:00:00,,,6:00:00,,1,,,,,,,,1806,227
17,9:00:00,,,6:00:00,,,1,,,,,,,1807,227
17,9:00:00,,,6:00:00,,,,1,,,,,,1808,227
17,9:00:00,,,6:00:00,,,,,1,,,,,1809,227
17,9:00:00,,,6:00:00,,,,,,1,,,,1810,227
17,1:00:00,,,12:00:00,,,,,,,1,,,1811,228
17,9:00:00,,,6:00:00,1,,,,,,,,,1812,228
17,9:00:00,,,6:00:00,,1,,,,,,,,1813,228
17,9:00:00,,,6:00:00,,,1,,,,,,,1814,228
17,9:00:00,,,6:00:00,,,,1,,,,,,1815,228
17,9:00:00,,,6:00:00,,,,,1,,,,,1816,228
17,9:00:00,,,6:00:00,,,,,,1,,,,1817,228
17,1:00:00,,,12:00:00,,,,,,,1,,,1818,229
17,9:00:00,,,6:00:00,1,,,,,,,,,1819,229
17,9:00:00,,,6:00:00,,1,,,,,,,,1820,229
17,9:00:00,,,6:00:00,,,1,,,,,,,1821,229
17,9:00:00,,,6:00:00,,,,1,,,,,,1822,229
17,9:00:00,,,6:00:00,,,,,1,,,,,1823,229
17,9:00:00,,,6:00:00,,,,,,1,,,,1824,229
17,1:00:00,,,12:00:00,,,,,,,1,,,1825,230
17,9:00:00,,,6:00:00,1,,,,,,,,,1826,230
17,9:00:00,,,6:00:00,,1,,,,,,,,1827,230
17,9:00:00,,,6:00:00,,,1,,,,,,,1828,230
17,9:00:00,,,6:00:00,,,,1,,,,,,1829,230
17,9:00:00,,,6:00:00,,,,,1,,,,,1830,230
17,9:00:00,,,6:00:00,,,,,,1,,,,1831,230
17,1:00:00,,,12:00:00,,,,,,,1,,,1832,231
17,9:00:00,,,6:00:00,1,,,,,,,,,1833,231
17,9:00:00,,,6:00:00,,1,,,,,,,,1834,231
17,9:00:00,,,6:00:00,,,1,,,,,,,1835,231
17,9:00:00,,,6:00:00,,,,1,,,,,,1836,231
17,9:00:00,,,6:00:00,,,,,1,,,,,1837,231
17,9:00:00,,,6:00:00,,,,,,1,,,,1838,231
17,1:00:00,,,12:00:00,,,,,,,1,,,1839,232
17,9:00:00,,,6:00:00,1,,,,,,,,,1840,232
17,9:00:00,,,6:00:00,,1,,,,,,,,1841,232
17,9:00:00,,,6:00:00,,,1,,,,,,,1842,232
17,9:00:00,,,6:00:00,,,,1,,,,,,1843,232
17,9:00:00,,,6:00:00,,,,,1,,,,,1844,232
17,9:00:00,,,6:00:00,,,,,,1,,,,1845,232
17,1:00:00,,,12:00:00,,,,,,,1,,,1846,233
17,9:00:00,,,6:00:00,1,,,,,,,,,1847,233
17,9:00:00,,,6:00:00,,1,,,,,,,,1848,233
17,9:00:00,,,6:00:00,,,1,,,,,,,1849,233
17,9:00:00,,,6:00:00,,,,1,,,,,,1850,233
17,9:00:00,,,6:00:00,,,,,1,,,,,1851,233
17,9:00:00,,,6:00:00,,,,,,1,,,,1852,233
17,1:00:00,,,12:00:00,,,,,,,1,,,1853,234
17,9:00:00,,,6:00:00,1,,,,,,,,,1854,234
17,9:00:00,,,6:00:00,,1,,,,,,,,1855,234
17,9:00:00,,,6:00:00,,,1,,,,,,,1856,234
17,9:00:00,,,6:00:00,,,,1,,,,,,1857,234
17,9:00:00,,,6:00:00,,,,,1,,,,,1858,234
17,9:00:00,,,6:00:00,,,,,,1,,,,1859,234
17,1:00:00,,,12:00:00,,,,,,,1,,,1860,235
17,9:00:00,,,6:00:00,1,,,,,,,,,1861,235
17,9:00:00,,,6:00:00,,1,,,,,,,,1862,235
17,9:00:00,,,6:00:00,,,1,,,,,,,1863,235
17,9:00:00,,,6:00:00,,,,1,,,,,,1864,235
17,9:00:00,,,6:00:00,,,,,1,,,,,1865,235
17,9:00:00,,,6:00:00,,,,,,1,,,,1866,235
17,1:00:00,,,12:00:00,,,,,,,1,,,1867,236
17,9:00:00,,,6:00:00,1,,,,,,,,,1868,236
17,9:00:00,,,6:00:00,,1,,,,,,,,1869,236
17,9:00:00,,,6:00:00,,,1,,,,,,,1870,236
17,9:00:00,,,6:00:00,,,,1,,,,,,1871,236
17,9:00:00,,,6:00:00,,,,,1,,,,,1872,236
17,9:00:00,,,6:00:00,,,,,,1,,,,1873,236
17,1:00:00,,,12:00:00,,,,,,,1,,,1874,237
17,9:00:00,,,6:00:00,1,,,,,,,,,1875,237
17,9:00:00,,,6:00:00,,1,,,,,,,,1876,237
17,9:00:00,,,6:00:00,,,1,,,,,,,1877,237
17,9:00:00,,,6:00:00,,,,1,,,,,,1878,237
17,9:00:00,,,6:00:00,,,,,1,,,,,1879,237
17,9:00:00,,,6:00:00,,,,,,1,,,,1880,237
17,1:00:00,,,12:00:00,,,,,,,1,,,1881,238
17,9:00:00,,,6:00:00,1,,,,,,,,,1882,238
17,9:00:00,,,6:00:00,,1,,,,,,,,1883,238
17,9:00:00,,,6:00:00,,,1,,,,,,,1884,238
17,9:00:00,,,6:00:00,,,,1,,,,,,1885,238
17,9:00:00,,,6:00:00,,,,,1,,,,,1886,238
17,9:00:00,,,6:00:00,,,,,,1,,,,1887,238
17,8:00:00,,,17:30:00,,,,,,,1,,,1888,239
17,8:00:00,,,17:30:00,1,,,,,,,,,1889,239
17,8:00:00,,,17:30:00,,1,,,,,,,,1890,239
17,8:00:00,,,17:30:00,,,1,,,,,,,1891,239
17,8:00:00,,,17:30:00,,,,1,,,,,,1892,239
17,8:00:00,,,17:30:00,,,,,1,,,,,1893,239
17,8:00:00,,,17:30:00,,,,,,1,,,,1894,239
17,1:00:00,,,12:00:00,,,,,,,1,,,1902,241
17,9:00:00,,,6:00:00,1,,,,,,,,,1903,241
17,9:00:00,,,6:00:00,,1,,,,,,,,1904,241
17,9:00:00,,,6:00:00,,,1,,,,,,,1905,241
17,9:00:00,,,6:00:00,,,,1,,,,,,1906,241
17,9:00:00,,,6:00:00,,,,,1,,,,,1907,241
17,9:00:00,,,6:00:00,,,,,,1,,,,1908,241
17,1:00:00,,,12:00:00,,,,,,,1,,,1909,242
17,9:00:00,,,6:00:00,1,,,,,,,,,1910,242
17,9:00:00,,,6:00:00,,1,,,,,,,,1911,242
17,9:00:00,,,6:00:00,,,1,,,,,,,1912,242
17,9:00:00,,,6:00:00,,,,1,,,,,,1913,242
17,9:00:00,,,6:00:00,,,,,1,,,,,1914,242
17,9:00:00,,,6:00:00,,,,,,1,,,,1915,242
17,8:00:00,,,17:30:00,,,,,,,1,,,1895,240
17,8:00:00,,,17:30:00,1,,,,,,,,,1896,240
17,8:00:00,,,17:30:00,,1,,,,,,,,1897,240
17,8:00:00,,,17:30:00,,,1,,,,,,,1898,240
17,8:00:00,,,17:30:00,,,,1,,,,,,1899,240
17,8:00:00,,,17:30:00,,,,,1,,,,,1900,240
17,8:00:00,,,17:30:00,,,,,,1,,,,1901,240
